Title,Company,Link
"Senior Open Source Developer & DevOps (Python, Django, React, AWS/OpenStack)",OpenCraft,https://weworkremotely.com/remote-jobs/opencraft-senior-open-source-developer-devops-python-django-react-aws-openstack
Développeur Python / Django,Reptile,https://weworkremotely.com/remote-jobs/reptile-developpeur-python-django
Sr. Software Engineer (Django),SchooLinks,https://weworkremotely.com/remote-jobs/schoolinks-sr-software-engineer-django-1
Senior Python/Django Full-stack Developer,Apicbase Belgium,https://stackoverflow.com/jobs/545356
Senior Python/Django Full-stack Developer,Apicbase Belgium,https://stackoverflow.com/jobs/515716
"Python Back End Developer (FastAPI, Django, Celery)","Daupler, Inc.",https://stackoverflow.com/jobs/523350
Software Architect (Django/Flask + React),Self Decode,https://stackoverflow.com/jobs/307459
Senior Python Developer - Django Rest Framework,n.exchange,https://stackoverflow.com/jobs/554539
Senior Fullstack Engineer (Python/Django/React)- #12 of Top-100 Marketplaces,StyleSeat,https://stackoverflow.com/jobs/554278
Python Entwickler*in Remote (f/m/d),Ambient,https://stackoverflow.com/jobs/493874
Senior Full-Stack Developer,Lastmile Retail,https://stackoverflow.com/jobs/523843
"Senior Software Engineer - Full-stack (Python, React)",Invitae Corporation,https://stackoverflow.com/jobs/522534
(Senior) Full-Stack Engineer (m/f/d) - SAP Business Process Intelligence,Signavio,https://stackoverflow.com/jobs/556120
Sr. Software Engineer - Managed Intelligence,Flashpoint,https://stackoverflow.com/jobs/555311
Full-Stack Engineer - Innovation Team (m/f/d) -SAP Business Process Intelligence,Signavio,https://stackoverflow.com/jobs/556122
Senior Backend Engineer (Python/APIs),Belvo Technologies,https://stackoverflow.com/jobs/552501
Senior Software Engineer - Remote,Tucows,https://stackoverflow.com/jobs/556752
Hiring Senior & Mid Software Engineers,Lightmatter,https://stackoverflow.com/jobs/523002
Python Developer (Remote),Finsera,https://stackoverflow.com/jobs/524065
Back-End Developer (i.e. Python),Imaginary Cloud,https://stackoverflow.com/jobs/557757
Intertoob Scanner Builder (Fullstack Engineer),Carve Systems,https://stackoverflow.com/jobs/517498
React Front End Developer,"Daupler, Inc.",https://stackoverflow.com/jobs/523351
Sr. Software Engineer I - Account Takeover,Flashpoint,https://stackoverflow.com/jobs/541124
Senior Full Stack Engineer (Remote),Sector Labs,https://stackoverflow.com/jobs/517508
Senior Backend Engineer - Python - México,Cornershop by Uber,https://stackoverflow.com/jobs/526139
"Software Development Manager, Application Security (Remote California!)",Clio,https://stackoverflow.com/jobs/554709
Full Stack Engineer,Force Therapeutics,https://stackoverflow.com/jobs/552159
"Mobile Flutter Engineer, Digital Consumer Products, US-based fully remote",Superformula,https://stackoverflow.com/jobs/552169
Senior Python Engineer - Back End - Take Charge Of Our In-House CMS,Immersive Labs,https://stackoverflow.com/jobs/552495
Senior Full Stack Engineer (Remote),Sector Labs,https://stackoverflow.com/jobs/517508
Backend Engineer,Density,https://stackoverflow.com/jobs/528230
System Engineer,O'Reilly Auto Parts,https://stackoverflow.com/jobs/556562
Chief Technical Officer,Self Decode,https://stackoverflow.com/jobs/558058
Python Developer (Remote),X-Team,https://stackoverflow.com/jobs/534454
Python Developer,Risk Focus,https://stackoverflow.com/jobs/552173
"React/Vue Engineer, Digital Consumer Products, fully remote",Superformula,https://stackoverflow.com/jobs/461414
Mid/Senior Product Designer - UX (m/f/d) - Remote,Proemion,https://stackoverflow.com/jobs/550545
Senior Front End developer,Apicbase Belgium,https://stackoverflow.com/jobs/526988
"SENIOR FULL-STACK DEV WITH RUBY / PYTHON / REACT NATIVE -- 100% REMOTE, FLEXIBLE",Analytics Fire,https://stackoverflow.com/jobs/517987
Engineering Manager,ZALORA,https://stackoverflow.com/jobs/535352
Kubernetes Administrator,CYBERTEC PostgreSQL International GmbH,https://stackoverflow.com/jobs/555257
Senior Front-end Developer,Marketer Technologies AS,https://stackoverflow.com/jobs/541502
PostgreSQL DBA,CYBERTEC PostgreSQL International GmbH,https://stackoverflow.com/jobs/554533
"Senior Software Engineer, Backend - Landscape",Canonical,https://stackoverflow.com/jobs/551337
Platforms Engineer for a Cryptocurrency Startup,Chorus One,https://stackoverflow.com/jobs/457423
Front-End Developer,Imaginary Cloud,https://stackoverflow.com/jobs/556416
Senior Data Engineer (Remote),Float.com,https://stackoverflow.com/jobs/557356
Back-End Developer (i.e. GO),Imaginary Cloud,https://stackoverflow.com/jobs/556996
Forever Remote Position | 100% Remote Node Engineer | G2i Collective,G2i Inc,https://stackoverflow.com/jobs/405883
Lead WordPress Engineer,XWP,https://stackoverflow.com/jobs/513454
Senior WordPress Engineer (Remote),XWP,https://stackoverflow.com/jobs/507941
Senior Android Engineer,Livefront,https://stackoverflow.com/jobs/521510
"100% Remote | Senior React, React Native, or Node Developer | Forever Remote",G2i Inc,https://stackoverflow.com/jobs/516148
Senior WordPress Engineer (Remote),XWP,https://stackoverflow.com/jobs/507941
Forever Remote Position | 100% Remote Node Engineer | G2i Collective,G2i Inc,https://stackoverflow.com/jobs/405883
Back-End Developer (i.e. Node.js),Imaginary Cloud,https://stackoverflow.com/jobs/557618
Senior Full Stack .NET Developer,"Upkoi, Inc",https://stackoverflow.com/jobs/556149
Software Engineer - Infrastructure,Chorus One,https://stackoverflow.com/jobs/552285
Software Engineer - Full Stack,General Dynamics UK,https://stackoverflow.com/jobs/551621
Cloud Software Engineer (remote),Platform.sh,https://stackoverflow.com/jobs/493242
Engineering Manager (Ruby on Rails) - OPEN TO REMOTE,The RealReal,https://stackoverflow.com/jobs/530707
Senior Machine Learning Engineer - OPEN TO REMOTE,The RealReal,https://stackoverflow.com/jobs/557022
Staff Software Engineer - Javascript,Storable,https://stackoverflow.com/jobs/539531
Senior Software Development Engineer in Test (SDET) Remote Mobile,The RealReal,https://stackoverflow.com/jobs/549153
Staff Software Engineer - OPEN TO REMOTE,The RealReal,https://stackoverflow.com/jobs/530699
Laravel Jedi,Creative Force Ltd,https://stackoverflow.com/jobs/527987
Senior Linux Software & Network Developer,"Berryville Holdings, LLC",https://stackoverflow.com/jobs/546355
Principal Software Engineer (Fully Remote) E-Comm experience required,The RealReal,https://stackoverflow.com/jobs/524509
Full Stack (Ruby on Rails) Developer (Remote),Helpjuice,https://stackoverflow.com/jobs/556453
Staff Machine Learning Engineer - REMOTE,The RealReal,https://stackoverflow.com/jobs/552039
Senior Cloud Infrastructure Engineer - OPEN TO REMOTE,The RealReal,https://stackoverflow.com/jobs/552029
Senior Software Engineer / Ruby or Elixir/ Remote,The RealReal,https://stackoverflow.com/jobs/522850
Machine Learning Engineer,"Wikimedia Foundation, Inc.",https://stackoverflow.com/jobs/554908
Full Stack Developer,AML Software,https://remoteok.com/107002
Software Engineer Backend,bit.io,https://remoteok.com/106961
Senior Software Engineer,Harness Network,https://remoteok.com/106721
Full Stack Software Developer,Art+Logic,https://remoteok.com/106607
Python Team Lead Software Engineer,Tucows,https://remoteok.com/106133
Python Engineer,Somus OÜ,https://remoteok.com/105943
Software Engineer,Hades,https://remoteok.com/105618
Software Engineer,Reincubate,https://remoteok.com/105609
Senior Full Stack Developer Django VUE. JS 100,Accruvia,https://remoteok.com/105416
Full Stack Developer,AMNESIA media,https://remoteok.com/104488
Senior Python Django Engineer,Ten Spot,https://remoteok.com/104135
Senior Software Engineer,Sugar,https://remoteok.com/103910
Django Developer,Toptal,https://remoteok.com/103865
Senior Backend Software Developer,Jungle Scout,https://remoteok.com/103790
Backend Web Developer,Kettle,https://remoteok.com/103568
Senior Open Source Developer DevOps,OpenCraft,https://remoteok.com/103181
Senior Backend Engineers,Argyle,https://remoteok.com/102322
Software Engineer Full Stack,Mainvest,https://remoteok.com/102003
Senior Software Engineer,Muck Rack,https://remoteok.com/101485
Senior Python Django Developer,ZibaSec,https://remoteok.com/101445
Senior Software Engineer,Muck Rack,https://remoteok.com/101377
Full Stack Developer,HelloMaaS,https://remoteok.com/100554
Web Developer,LearnCube,https://remoteok.com/100457
Full Stack Developer,Earning Together,https://remoteok.com/100005
Senior Full Stack Engineer,GooseChase,https://remoteok.com/99701
Senior Software Engineer,Muck Rack,https://remoteok.com/99378
Full Stack Developer,Coconut,https://remoteok.com/99168
Python + Django Software Engineer,WP Media,https://remoteok.com/96938
Django Developer,Mainvest,https://remoteok.com/86390
DevOps Python Django SaaS Developer,WP Media,https://remoteok.com/84795
Backend Developer,Jetcake,https://remoteok.com/83559
Full Stack Django Developer,Wildfish,https://remoteok.com/77074
Full Stack Developer,REPAY,https://remoteok.com/77035
Full Stack Web Developer,GooseChase,https://remoteok.com/75932
Senior Software Engineer,Snowdrop,https://remoteok.com/75658
Full Stack Software Engineer,Fraym,https://remoteok.com/74444
Sr Full Stack Developer Django,Circuit Stream,https://remoteok.com/73837
Python Back End Web Developer,Soshace,https://remoteok.com/73701
Senior Python Developer,causaLens,https://remoteok.com/72638
Lead Software Engineer,Hubbub,https://remoteok.com/71202
Full Stack Web Developer,GooseChase,https://remoteok.com/70987
Web Developer,Tao Leadership,https://remoteok.com/70590
Backend Web Developer,Circuit Stream,https://remoteok.com/70003
Python Back End Web Developer,Soshace,https://remoteok.com/69076
Open Source Developer & DevOps,OpenCraft,https://remoteok.com/69030
Frontend and Python Developer,Screenly,https://remoteok.com/68892
Python Web Developer,Croscon,https://remoteok.com/65582
Backend Python Developer,StudioH67,https://remoteok.com/64402
Senior Python Developer,SmileDirectClub,https://remoteok.com/61808
